"Stock","Annual_Return_Pct","Annual_Risk_Pct","Sharpe_Ratio","Risk_Return_Ratio","Daily_Sharpe"
"DIVISLAB.NS",34.8,25.21,1.142,1.38,0.072
"BAJAJ.AUTO.NS",28.72,25.74,0.883,1.116,0.0556
"HINDALCO.NS",28.61,29.14,0.776,0.982,0.0489
"BPCL.NS",29.4,30.96,0.756,0.95,0.0476
"HEROMOTOCO.NS",25.55,26.2,0.746,0.975,0.047
"M.M.NS",26.77,28.89,0.719,0.927,0.0453
"SBIN.NS",21.77,24.46,0.644,0.89,0.0406
"SUNPHARMA.NS",18.63,19.68,0.642,0.947,0.0404
"IOC.NS",23.93,30.35,0.591,0.788,0.0372
"JSWSTEEL.NS",20.37,24.75,0.581,0.823,0.0366
"ICICIBANK.NS",14.67,19.18,0.452,0.765,0.0285
"TATASTEEL.NS",18.53,27.91,0.449,0.664,0.0283
"ONGC.NS",16.84,29.23,0.371,0.576,0.0234
"TECHM.NS",14.69,26.24,0.331,0.56,0.0209
"LT.NS",11.03,25.64,0.196,0.43,0.0123
"ADANIENT.NS",13.55,39.79,0.19,0.341,0.012
"BAJFINANCE.NS",10.9,27.72,0.177,0.393,0.0111
"AXISBANK.NS",9.92,23.82,0.164,0.416,0.0104
"KOTAKBANK.NS",9.2,22.51,0.142,0.409,0.009
"CIPLA.NS",8.43,22.96,0.106,0.367,0.0067
"NESTLEIND.NS",7.44,19.99,0.072,0.372,0.0045
"MARUTI.NS",7.62,22.6,0.072,0.337,0.0045
"MARUTI.BO",7.62,22.63,0.072,0.337,0.0045
"HCLTECH.NS",6.16,26.17,0.006,0.235,4e-04
"DRREDDY.NS",6.09,21.77,0.004,0.28,3e-04
"BRITANNIA.NS",5.28,19.98,-0.036,0.264,-0.0023
"RELIANCE.NS",3.73,21.14,-0.107,0.177,-0.0068
"HDFCBANK.NS",1.08,20.4,-0.241,0.053,-0.0152
"WIPRO.NS",-1.42,26.66,-0.278,-0.053,-0.0175
"INFY.NS",-5.9,26.44,-0.45,-0.223,-0.0283
"HINDUNILVR.NS",-6.68,20.23,-0.627,-0.33,-0.0395
"TCS.NS",-12.6,23.72,-0.784,-0.531,-0.0494
"TCS.BO",-13.34,23.54,-0.822,-0.567,-0.0518
"ITC.NS",-9.87,18.89,-0.84,-0.523,-0.0529
